state,fy_start,cate,cate_lb,cate_ub,discom_health,ghi_annual,rpo_compliance,gw_stage_step,log_gdp_pc
Andhra Pradesh,2019,-31.23044424613709,-51.46229637709828,-10.9985921151759,0.8923,5.061875,140.0,33.26,0.22975632039984006
Andhra Pradesh,2020,-44.87229189416955,-74.57056270358692,-15.174021084752145,0.7163999999999999,5.057316666666666,140.0,33.26,0.23896596577684548
Andhra Pradesh,2021,-32.232181638200274,-53.00695406753648,-11.457409208864082,0.8945,4.960875,140.0,33.26,0.3020894592107801
Andhra Pradesh,2022,-30.32103424031987,-52.137155242969634,-8.504913237670106,0.9226,4.99025,140.0,28.81,0.34942677992772886
Andhra Pradesh,2023,-25.303569292712588,-48.81978530494622,-1.7873532804789463,0.8795,5.0743,140.0,28.3,0.40603498512701464
Assam,2019,-68.64417970486767,-124.61262988013455,-12.675729529600801,0.7663,4.1507,25.3,11.73,-0.36031536196595226
Assam,2020,-62.194909674857186,-110.40219177834784,-13.987627571366637,0.8127,4.23555,25.3,11.73,-0.3419989128940344
Assam,2021,-59.66229839744197,-108.01808990411726,-11.30650689076672,0.8305,4.352891666666667,25.3,11.73,-0.3112435630427406
Assam,2022,-51.98511206002806,-89.46372267328434,-14.5065014467718,0.8378,4.158016666666667,25.3,12.38,-0.2050067111051277
Assam,2023,-42.63097646410112,-71.91719933681884,-13.344753591383352,0.8597,4.421125,25.3,12.54,-0.10109276449759719
Bihar,2019,-76.82925220146856,-128.52348875177134,-25.13501565116585,0.5962,4.520433333333333,23.7,51.14,-1.1074445646721465
Bihar,2020,-76.82925220146856,-128.52348875177134,-25.13501565116585,0.6673,4.4614416666666665,23.7,51.14,-1.1986911620512402
Bihar,2021,-76.82925220146856,-128.52348875177134,-25.13501565116585,0.6758,4.392891666666666,23.7,51.14,-1.1650194079199139
Bihar,2022,-74.30562941831899,-126.28263513089459,-22.328623705743432,0.7655000000000001,4.6257,23.7,44.94,-1.059070614996788
Bihar,2023,-69.48891372901186,-115.36388879673231,-23.61393866129152,0.7968,4.541008333333333,23.7,44.76,-0.9606499637243147
Chhattisgarh,2019,-60.86799621350269,-99.04776918066855,-22.68822324633674,0.7632,4.805891666666667,34.2,46.34,-0.14044619326789842
Chhattisgarh,2020,-53.609420241170895,-90.67766953950995,-16.541170942831812,0.8035,4.928791666666666,34.2,46.34,-0.1550830267223482
Chhattisgarh,2021,-46.226578540404546,-78.48848485870377,-13.964672222105293,0.8187,4.882016666666666,34.2,46.34,-0.10613060389207618
Chhattisgarh,2022,-36.910005318918905,-70.04397997002357,-3.776030667814233,0.8386,4.9641,34.2,49.58,-0.04966382460560581
Chhattisgarh,2023,-35.2068311922831,-64.05595180826543,-6.3577105763008,0.8412,4.847283333333333,34.2,47.17,0.009544462448857871
Goa,2019,-14.984220781317285,-47.16913443089559,17.20069286826103,0.8601,5.1735,32.6,23.48,1.2662915153119148
Goa,2020,-14.902013497119082,-46.33381296155457,16.529785967316407,0.8691,5.1735,32.6,23.48,1.2187573514505825
Goa,2021,-14.886700900513665,-46.34416501664361,16.57076321561626,0.8672,5.1735,32.6,23.48,1.2242686242980554
Gujarat,2019,-17.08618877072597,-53.681239803364704,19.50886226191271,0.8805000000000001,5.236375,85.3,53.39,0.6258324566575091
Gujarat,2020,-16.9288244450362,-53.10138918183763,19.243740291765196,0.8844,5.463491666666666,85.3,53.39,0.5812637939306846
Gujarat,2021,-17.11866593428675,-53.209853099259796,18.97252123068624,0.8987,5.241666666666666,85.3,53.39,0.6641371724440006
Gujarat,2022,-15.107652272203783,-44.99300120456977,14.777696660162208,0.8928,5.416591666666666,85.3,53.23,0.7229314869265444
Gujarat,2023,-14.752697406087837,-48.303799469376116,18.79840465720043,0.9103,5.183441666666666,85.3,51.68,0.7229314869265444
Haryana,2019,-28.060257778679933,-147.64681386984483,91.52629831248501,0.8181,4.721391666666666,20.0,134.56,0.6448131316690535
Haryana,2020,-16.892191075566007,-139.3453038385949,105.56092168746287,0.8295,4.9204,20.0,134.56,0.5436321380924412
Haryana,2021,-18.054436119997536,-150.8836110795867,114.77473883959163,0.8628,4.761633333333333,20.0,134.56,0.6342317685612606
Haryana,2022,-18.906304022984152,-150.99998658191078,113.18737853594243,0.8799,4.795358333333334,20.0,134.14,0.664478448050982
Haryana,2023,-26.102916536479313,-150.18292289121243,97.97708981825377,0.887,4.713291666666667,20.0,135.74,0.727190720455738
Himachal Pradesh,2019,-26.861868246508358,-50.402948580792966,-3.320787912223768,0.8832,4.52175,355.3,36.83,0.5035125645291405
Himachal Pradesh,2020,-24.896205680917724,-48.60546988709052,-1.1869414747449056,0.8598,4.9553,355.3,36.83,0.45212671068509636
Himachal Pradesh,2021,-26.752465779777676,-51.801375730561475,-1.7035558289938812,0.871,4.657891666666667,355.3,36.83,0.49127419400111627
Himachal Pradesh,2022,-26.06358602215228,-50.37221196031709,-1.7549600839874877,0.8943,4.591683333333333,355.3,37.56,0.550058694826923
Himachal Pradesh,2023,-25.85635241336677,-49.39642507025712,-2.3162797564764332,0.8912,4.4769,355.3,34.95,0.6063277974239814
Jharkhand,2019,-74.55133143651194,-131.7254939206658,-17.377168952358176,0.6304000000000001,4.504641666666667,48.4,29.13,-0.48695348806855066
Jharkhand,2020,-74.55133143651194,-131.7254939206658,-17.377168952358176,0.5690999999999999,4.515833333333333,48.4,29.13,-0.5554289393412013
Jharkhand,2021,-74.55133143651194,-131.7254939206658,-17.377168952358176,0.6621,4.393208333333333,48.4,29.13,-0.4552886540812935
Jharkhand,2022,-74.82162510287034,-132.62361085657741,-17.019639349163278,0.7254,4.638974999999999,48.4,31.35,-0.3985928768479674
Jharkhand,2023,-73.4047259041685,-130.1522439545777,-16.657207853759324,0.6949,4.425108333333333,48.4,31.38,-0.3389001712562454
Karnataka,2019,-31.708852331359246,-126.5835302559376,63.16582559321912,0.8241,5.253383333333333,185.8,64.85,0.554915993371786
Karnataka,2020,-28.71976905157197,-122.78392933005014,65.34439122690618,0.8373999999999999,5.172433333333333,185.8,64.85,0.523229050151599
Karnataka,2021,-34.14612160261808,-129.64585959466672,61.353616389430485,0.8855,5.040466666666666,185.8,64.85,0.6211687453659778
Karnataka,2022,-23.901784308791818,-141.04334464544206,93.23977602785841,0.8581,5.123375,185.8,69.93,0.7149530052434514
Karnataka,2023,-28.39231944662116,-126.36117105302473,69.57653215978233,0.8811,5.2815,185.8,66.26,0.7667607863207664
Kerala,2019,-11.04526692984244,-43.535408548849716,21.44487468916484,0.8553,5.164616666666666,31.6,51.68,0.47316151233096804
Kerala,2020,-19.125509725180297,-43.519541080697294,5.268521630336696,0.922,5.060908333333333,31.6,51.68,0.37939316126561096
Kerala,2021,-17.66332719343645,-49.32943652895624,14.00278214208334,0.9231,4.9041500000000005,31.6,51.68,0.47494056993648215
Kerala,2022,-12.840143389525842,-47.56060339148517,21.88031661243349,0.9435,4.978925,31.6,52.56,0.5264389914503944
Kerala,2023,-10.427218845767586,-57.198691433669836,36.344253742134654,0.9256,5.20515,31.6,54.55,0.5875208696034235
Madhya Pradesh,2019,-104.16159932926189,-161.43995274835007,-46.88324591017355,0.6961999999999999,4.860024999999999,65.3,56.82,-0.37891487002784885
Madhya Pradesh,2020,-101.55502164886786,-160.2827850524511,-42.82725824528463,0.5852999999999999,5.1441,65.3,56.82,-0.44118238744899685
Madhya Pradesh,2021,-101.41921677833655,-155.56019728711993,-47.27823626955302,0.7745,4.957591666666667,65.3,56.82,-0.3603105846324155
Madhya Pradesh,2022,-93.83752001146037,-147.11213543692864,-40.562904585991895,0.7955,5.100883333333333,65.3,59.1,-0.31570908368383144
Madhya Pradesh,2023,-99.78436798476578,-151.89529093322264,-47.673445036308955,0.7711,4.853783333333333,65.3,58.75,-0.2608372279899953
Maharashtra,2019,-34.247399727905346,-80.18883833418874,11.694038878378024,0.8008,5.0568,61.6,54.99,0.5106420503518798
Maharashtra,2020,-57.26841112355141,-97.66715940342067,-16.869662843682192,0.7341,5.1462,61.6,54.99,0.4015412240413738
Maharashtra,2021,-29.379172489869486,-79.82368223840923,21.06533725867026,0.8475,4.9814,61.6,54.99,0.49896290965834567
Maharashtra,2022,-23.617233559390943,-77.4897210508885,30.255253932106633,0.8304,5.1227,61.6,54.68,0.5825190264924132
Maharashtra,2023,-42.576881681076415,-77.28998754197687,-7.863775820175903,0.7614,5.10635,61.6,53.83,0.6514005558742788
Puducherry,2019,-12.296596366051117,-142.9520193763044,118.35882664420214,0.8155,5.2429,1.1,74.27,0.5400990229791276
Puducherry,2020,-17.797831270614044,-146.66199843674184,111.06633589551379,0.7994,5.2429,1.1,74.27,0.43839218558373005
Puducherry,2021,-4.762274770370858,-147.96200939565324,138.43745985491145,0.8892,5.2429,1.1,74.27,0.4347218083034914
Puducherry,2022,-43.36785897813645,-137.4103381607672,50.67462020449431,0.7817000000000001,5.2429,1.1,69.17,0.4343749980142988
Puducherry,2023,-14.327230308621914,-143.12742460049213,114.47296398324828,0.8225,5.2429,1.1,70.27,0.48827921997249213
Punjab,2019,-50.06687096785965,-155.5198475964121,55.38610566069271,0.8565,4.637166666666666,44.7,164.42,0.2869123093627266
Punjab,2020,-51.40997954680845,-152.17318164450688,49.35322255088984,0.8146,4.825349999999999,44.7,164.42,0.25920669515427974
Punjab,2021,-50.48470403916469,-157.21069886725462,56.24129078892539,0.8833,4.7067000000000005,44.7,164.42,0.317519054132795
Punjab,2022,-45.838541752917216,-157.0953525058131,65.41826899997858,0.8876999999999999,4.720041666666667,44.7,165.99,0.3730373456052405
Punjab,2023,-41.672027817968896,-163.45369336002477,80.10963772408697,0.8904,4.584208333333334,44.7,163.76,0.42083611674063093
Rajasthan,2019,-90.0608769856697,-147.01739806581793,-33.10435590552138,0.7015,5.064125,96.3,150.22,-0.13779068333849054
Rajasthan,2020,-91.39701684795492,-149.92230213721854,-32.87173155869142,0.7382,5.3149,96.3,150.22,-0.16903324458249358
Rajasthan,2021,-60.652180650418344,-133.83616855942796,12.531807258591208,0.8251000000000001,5.130075000000001,96.3,150.22,-0.0951664947742934
Rajasthan,2022,-49.43626245986055,-130.36893050276203,31.49640558304087,0.8456,5.199441666666666,96.3,151.07,-0.03459265911288156
Rajasthan,2023,-70.86850492343352,-133.32976229003353,-8.40724755683349,0.7787,5.061941666666667,96.3,148.77,0.030508830964734557
Tamil Nadu,2019,-15.91913107580687,-141.92609647228153,110.0878343206678,0.85,5.229566666666667,105.3,82.93,0.4939275926942841
Tamil Nadu,2020,-24.734426497580788,-145.78071386092253,96.31186086576099,0.8807,4.9611833333333335,105.3,82.93,0.4899417462739599
Tamil Nadu,2021,-20.257470027721254,-141.6490777036544,101.13413764821189,0.8654,5.047166666666667,105.3,82.93,0.5621812109383946
Tamil Nadu,2022,-24.083062326129433,-143.50043924210266,95.33431458984373,0.8908,5.045,105.3,75.59,0.6191075147179781
Tamil Nadu,2023,-22.185210927457682,-144.71205293005363,100.34163107513814,0.8861,5.08355,105.3,73.91,0.7047444998055816
Telangana,2019,-35.17871941027756,-68.38095659079734,-1.9764822297577993,0.7846,5.072208333333333,57.9,53.32,0.54017174784898
Telangana,2020,-17.450531695576156,-43.140256783873824,8.239193392721496,0.8667,5.106791666666667,57.9,53.32,0.4714176454810435
Telangana,2021,-21.016946901604793,-48.92735200451495,6.893458201305343,0.8935,4.958608333333333,57.9,53.32,0.5716132564546825
Telangana,2022,-23.064113679593536,-51.0153816184595,4.8871542592724,0.8135,5.0781833333333335,57.9,41.6,0.6373315593122726
Telangana,2023,-24.608166114385003,-50.86412587603742,1.647793647267445,0.8099,5.041075,57.9,38.65,0.7049478079333191
Tripura,2019,-47.27068991506421,-79.3707773095148,-15.170602520613663,0.6214999999999999,4.7269,6.3,7.94,-0.052628962445188776
Tripura,2020,-51.75159578333523,-89.52451677202882,-13.978674794641712,0.6264000000000001,4.7269,6.3,7.94,-0.10687007264932191
Tripura,2021,-45.84388723338045,-78.88918883512343,-12.798585631637515,0.6675,4.7269,6.3,7.94,-0.03441669413537696
Tripura,2022,-43.701968655709365,-73.15162445518294,-14.252312856235765,0.7509,4.7269,6.3,9.7,0.03225156555734365
Tripura,2023,-42.76168530227412,-72.40214718479605,-13.121223419752205,0.30989999999999995,4.7269,6.3,9.92,0.10422235679589598
Uttar Pradesh,2019,-109.66813846074695,-171.0238317799406,-48.31244514155339,0.6995,4.51805,43.2,68.83,-0.6664515098539354
Uttar Pradesh,2020,-110.29066472171473,-172.1667534418319,-48.41457600159769,0.7257,4.707666666666666,43.2,68.83,-0.7222053466712879
Uttar Pradesh,2021,-109.66813846074695,-171.0238317799406,-48.31244514155339,0.6948000000000001,4.571808333333333,43.2,68.83,-0.6271041894555651
Uttar Pradesh,2022,-107.60466122319676,-164.40486104871837,-50.80446139767504,0.7782,4.723583333333333,43.2,70.66,-0.5656188325672744
Uttar Pradesh,2023,-98.98009008624709,-159.81284860092296,-38.1473315715711,0.8361,4.57495,43.2,70.76,-0.4902678610231632
West Bengal,2023,-49.02685406407063,-82.16951712740305,-15.884191000738298,0.8287,4.2486749999999995,21.6,44.81,-0.11929533705853501
