spec,outcome,beta,se,pvalue,first_stage_F,n,weak_IV_flag
primary_interact,gw_stage_step,0.102323604178707,0.0333022710138892,0.0021222308414978,20.58081415675134,120,OK
variant_diesel_alone,gw_stage_step,0.1155601846840769,0.036361331874068,0.0014824029527693,2.097594385584547,153,WEAK
primary_tubewells,tubewells,0.4015207570584493,9.671631145438916,0.9668850884332076,28.370170087010845,90,OK
primary_elec,agri_grid_gwh,-64.78623409831198,40.46307007395807,0.1093503249837624,222.5403852568212,60,OK
robust_gw_linear,gw_stage_linear,0.0792301980507224,0.0273335644907379,0.0037478342920165,20.58081415675134,120,OK
component_B,gw_stage_step,0.0564520728763038,0.0165686955948937,0.0006564443491567,54.29735181510495,120,OK
component_C,gw_stage_step,-11.742949817388762,11.174004038268588,0.2932967523392988,1.406218542529331,120,WEAK
non_interpolated_gw,gw_stage_step,0.1154806259427391,0.0466363806720243,0.0132792199083331,7.507019115631085,80,WEAK
LOO_sign_stability,gw_stage_step,0.1015257909331431,0.007566250732015103,,20.58081415675134,114,"sign+=100% beta_range=[0.074,0.122]"
