state,gw_year,extractable_bcm,extraction_irrigation_bcm,extraction_total_bcm,stage_of_extraction_pct
Andaman and Nicobar Islands,2020,0.28,0.0,0.01,2.6
Andhra Pradesh,2020,22.94,6.6,7.63,33.26
Arunachal Pradesh,2020,2.92,0.0,0.01,0.36
Assam,2020,21.97,1.97,2.58,11.73
Bihar,2020,25.46,10.33,13.02,51.14
Chandigarh,2020,0.06,0.01,0.05,80.6
Chhattisgarh,2020,11.55,4.53,5.35,46.34
Dadra and Nagar Haveli and Daman and Diu,2020,0.07,0.01,0.03,45.99
Dadra and Nagar Haveli and Daman and Diu,2020,0.03,0.0,0.03,113.38
Delhi,2020,0.29,0.07,0.29,101.4
Goa,2020,0.32,0.02,0.08,23.48
Gujarat,2020,24.91,12.65,13.3,53.39
Haryana,2020,8.63,10.47,11.61,134.56
Himachal Pradesh,2020,0.97,0.2,0.36,36.83
Jammu and Kashmir,2020,4.22,0.2,0.89,21.03
Jharkhand,2020,5.64,0.93,1.64,29.13
Karnataka,2020,16.4,9.6,10.63,64.85
Kerala,2020,5.12,1.16,2.65,51.68
Ladakh,2020,0.11,0.0,0.02,17.9
Lakshadweep,2020,0.01,0.0,0.0,58.47
Madhya Pradesh,2020,33.38,17.33,18.97,56.82
Maharashtra,2020,30.25,15.29,16.63,54.99
Manipur,2020,0.46,0.0,0.02,5.12
Meghalaya,2020,1.82,0.03,0.08,4.22
Mizoram,2020,0.2,0.0,0.01,3.81
Nagaland,2020,1.95,0.0,0.02,1.04
Odisha,2020,15.71,5.5,6.86,43.65
Puducherry,2020,0.2,0.1,0.15,74.27
Punjab,2020,20.59,32.8,33.85,164.42
Rajasthan,2020,11.07,14.37,16.63,150.22
Sikkim,2020,0.86,0.0,0.01,0.86
Tamil Nadu,2020,17.69,13.52,14.67,82.93
Telangana,2020,15.03,7.13,8.01,53.32
Tripura,2020,1.24,0.02,0.1,7.94
Uttar Pradesh,2020,66.88,41.29,46.03,68.83
Uttarakhand,2020,1.85,0.63,0.87,46.8
West Bengal,2020,26.56,10.84,11.84,44.6
Andaman and Nicobar Islands,2022,0.56,0.0,0.01,1.35
Andhra Pradesh,2022,25.86,6.46,7.45,28.81
Arunachal Pradesh,2022,4.07,0.02,0.03,0.79
Assam,2022,21.4,2.06,2.65,12.38
Bihar,2022,30.04,10.01,13.5,44.94
Chandigarh,2022,0.05,0.01,0.04,80.99
Chhattisgarh,2022,11.01,4.62,5.46,49.58
Dadra and Nagar Haveli and Daman and Diu,2022,0.08,0.01,0.11,133.2
Dadra and Nagar Haveli and Daman and Diu,2022,0.04,0.0,0.06,157.93
Delhi,2022,0.37,0.09,0.36,98.16
Goa,2022,0.33,0.03,0.08,23.63
Gujarat,2022,24.58,12.1,13.09,53.23
Haryana,2022,8.61,10.3,11.54,134.14
Himachal Pradesh,2022,0.94,0.18,0.35,37.56
Jammu and Kashmir,2022,4.44,0.31,1.07,24.18
Jharkhand,2022,5.69,0.93,1.78,31.35
Karnataka,2022,16.04,10.01,11.22,69.93
Kerala,2022,5.19,1.17,2.73,52.56
Ladakh,2022,0.07,0.0,0.03,41.36
Lakshadweep,2022,0.01,0.0,0.0,61.6
Madhya Pradesh,2022,32.58,17.39,19.25,59.1
Maharashtra,2022,30.45,15.29,16.65,54.68
Manipur,2022,0.47,0.02,0.04,7.95
Meghalaya,2022,1.51,0.0,0.05,3.55
Mizoram,2022,0.2,0.0,0.01,3.96
Nagaland,2022,0.71,0.0,0.02,2.89
Odisha,2022,16.34,5.83,7.23,44.25
Puducherry,2022,0.19,0.08,0.13,69.17
Punjab,2022,17.07,26.69,28.02,165.99
Rajasthan,2022,10.96,14.18,16.56,151.07
Sikkim,2022,0.24,0.01,0.01,6.04
Tamil Nadu,2022,19.09,13.68,14.43,75.59
Telangana,2022,19.25,7.26,8.0,41.6
Tripura,2022,1.06,0.02,0.1,9.7
Uttar Pradesh,2022,65.3,40.72,46.14,70.66
Uttarakhand,2022,1.86,0.63,0.89,48.04
West Bengal,2022,21.42,8.38,10.07,47.01
Andaman and Nicobar Islands,2023,0.56,0.0,0.01,1.37
Andhra Pradesh,2023,26.45,6.44,7.48,28.3
Arunachal Pradesh,2023,4.16,0.01,0.02,0.42
Assam,2023,20.93,2.06,2.63,12.54
Bihar,2023,30.72,10.13,13.75,44.76
Chandigarh,2023,0.05,0.01,0.04,75.41
Chhattisgarh,2023,12.18,4.87,5.75,47.17
Dadra and Nagar Haveli and Daman and Diu,2023,0.08,0.01,0.11,131.53
Dadra and Nagar Haveli and Daman and Diu,2023,0.03,0.0,0.06,170.7
Delhi,2023,0.34,0.08,0.34,99.13
Goa,2023,0.32,0.03,0.07,21.37
Gujarat,2023,25.41,12.13,13.13,51.68
Haryana,2023,8.69,10.55,11.8,135.74
Himachal Pradesh,2023,1.01,0.18,0.35,34.95
Jammu and Kashmir,2023,4.46,0.32,1.08,24.2
Jharkhand,2023,5.73,0.94,1.8,31.38
Karnataka,2023,17.08,10.09,11.32,66.26
Kerala,2023,5.01,1.12,2.73,54.55
Ladakh,2023,0.08,0.0,0.03,37.05
Lakshadweep,2023,0.01,0.0,0.0,61.72
Madhya Pradesh,2023,32.85,17.4,19.3,58.75
Maharashtra,2023,30.95,15.28,16.66,53.83
Manipur,2023,0.47,0.02,0.04,7.99
Meghalaya,2023,1.51,0.02,0.07,4.58
Mizoram,2023,0.2,0.0,0.01,3.7
Nagaland,2023,0.54,0.0,0.02,3.76
Odisha,2023,15.94,5.96,7.39,46.33
Puducherry,2023,0.18,0.07,0.13,70.27
Punjab,2023,16.98,26.39,27.8,163.76
Rajasthan,2023,11.25,14.3,16.74,148.77
Sikkim,2023,0.22,0.01,0.01,5.54
Tamil Nadu,2023,19.51,13.48,14.42,73.91
Telangana,2023,20.92,7.24,8.09,38.65
Tripura,2023,1.09,0.03,0.11,9.92
Uttar Pradesh,2023,65.57,40.92,46.4,70.76
Uttarakhand,2023,1.85,0.67,0.95,51.69
West Bengal,2023,23.9,8.99,10.71,44.81
Andaman and Nicobar Islands,2024,0.34,0.0,0.01,2.08
Andhra Pradesh,2024,26.41,6.75,7.88,29.83
Arunachal Pradesh,2024,3.46,0.01,0.01,0.39
Assam,2024,20.89,2.06,2.64,12.61
Bihar,2024,30.95,10.21,14.1,45.54
Chandigarh,2024,0.05,0.01,0.03,66.13
Chhattisgarh,2024,12.93,5.21,6.12,47.32
Dadra and Nagar Haveli and Daman and Diu,2024,0.12,0.01,0.16,142.17
Delhi,2024,0.34,0.08,0.34,100.77
Goa,2024,0.31,0.03,0.07,22.91
Gujarat,2024,25.58,12.81,13.86,54.21
Haryana,2024,9.36,11.47,12.72,135.96
Himachal Pradesh,2024,1.01,0.19,0.36,35.48
Jammu and Kashmir,2024,2.3,0.13,0.51,22.28
Jharkhand,2024,5.76,0.94,1.81,31.43
Karnataka,2024,16.88,10.15,11.55,68.44
Kerala,2024,5.13,1.12,2.76,53.78
Ladakh,2024,0.06,0.0,0.02,30.93
Lakshadweep,2024,0.01,0.0,0.0,61.32
Madhya Pradesh,2024,33.99,17.9,19.85,58.4
Maharashtra,2024,31.15,15.07,16.5,52.99
Manipur,2024,0.47,0.02,0.04,8.0
Meghalaya,2024,1.53,0.02,0.07,4.6
Mizoram,2024,0.19,0.0,0.01,3.95
Nagaland,2024,0.56,0.01,0.03,4.72
Odisha,2024,16.04,6.28,7.74,48.23
Puducherry,2024,0.17,0.07,0.13,75.91
Punjab,2024,17.63,26.24,27.66,156.87
Rajasthan,2024,11.37,14.51,17.05,149.86
Sikkim,2024,0.22,0.01,0.01,5.85
Tamil Nadu,2024,19.46,13.51,14.45,74.26
Telangana,2024,18.44,7.59,8.47,45.91
Tripura,2024,1.18,0.03,0.11,9.48
Uttar Pradesh,2024,66.38,41.15,46.76,70.45
Uttarakhand,2024,1.96,0.74,1.05,53.54
West Bengal,2024,23.56,8.99,10.75,45.63
