state,fy,canal_total,tanks,tubewells,other_wells,other_sources,net_irrigated_000ha
Andhra Pradesh,2014-15,1429,293,1010,70,125,2927
Assam,2014-15,77,10,74,1,134,296
Bihar,2014-15,934,57,1860,20,115,2987
Chhattisgarh,2014-15,902,43,428,20,73,1466
Delhi,2014-15,2,,18,0,1,22
Goa,2014-15,9,21,5,3,2,39
Gujarat,2014-15,771,45,1122,2181,114,4233
Haryana,2014-15,1151,,1818,4,0,2974
Himachal Pradesh,2014-15,4,0,23,2,83,113
Jammu & Kashmir,2014-15,291,8,4,6,22,331
Jharkhand,2014-15,7,49,38,63,50,207
Karnataka,2014-15,1177,158,1402,379,473,3589
Kerala,2014-15,87,47,30,133,117,414
Madhya Pradesh,2014-15,1646,273,3281,3122,1262,9584
Maharashtra,2014-15,1080,,2164,,,3244
Manipur,2014-15,,,,,69,69
Meghalaya,2014-15,81,,,,,81
Mizoram,2014-15,16,,,,,16
Nagaland,2014-15,,,,,97,97
Odisha,2014-15,,,,,1259,1259
Puducherry,2014-15,4,,9,,0,13
Punjab,2014-15,1175,,2943,,,4118
Rajasthan,2014-15,1929,70,3557,2176,150,7882
Sikkim,2014-15,,,,,12,12
Tamil Nadu,2014-15,669,368,493,1191,4,2726
Telangana,2014-15,174,97,948,465,43,1726
Tripura,2014-15,6,1,6,3,63,79
Uttar Pradesh,2014-15,2482,184,10183,1474,67,14389
Uttarakhand,2014-15,79,0,188,39,24,330
West Bengal,2014-15,,,,,3102,3102
India,2014-15,16182,1723,31606,11354,7519,68383
Andhra Pradesh,2015-16,1081,363,1115,77,106,2743
Assam,2015-16,78,10,75,1,134,297
Bihar,2015-16,917,60,1841,20,120,2958
Chhattisgarh,2015-16,889,43,444,21,79,1476
Delhi,2015-16,2,,18,0,1,22
Goa,2015-16,9,20,5,3,2,39
Gujarat,2015-16,771,45,1122,2181,114,4233
Haryana,2015-16,1154,,1801,,0,2956
Himachal Pradesh,2015-16,4,1,27,3,84,120
Jammu & Kashmir,2015-16,320,7,4,5,20,356
Jharkhand,2015-16,7,44,39,66,56,213
Karnataka,2015-16,928,147,1399,375,394,3243
Kerala,2015-16,90,48,35,134,107,414
Madhya Pradesh,2015-16,1683,262,3222,2977,1141,9284
Maharashtra,2015-16,1070,,2145,,,3215
Manipur,2015-16,,,,,73,73
Meghalaya,2015-16,80,,,,,80
Mizoram,2015-16,16,,,,,16
Nagaland,2015-16,,,,,104,104
Odisha,2015-16,,,,,1230,1230
Puducherry,2015-16,4,,9,,0,13
Punjab,2015-16,1122,,3014,,,4137
Rajasthan,2015-16,1979,66,3658,2117,117,7938
Sikkim,2015-16,,,,,16,16
Tamil Nadu,2015-16,672,438,499,1221,3,2833
Telangana,2015-16,53,113,847,440,33,1486
Tripura,2015-16,8,2,7,2,63,81
Uttar Pradesh,2015-16,2166,67,10662,1254,83,14231
Uttarakhand,2015-16,74,0,171,57,27,330
West Bengal,2015-16,,,,,3105,3105
India,2015-16,15178,1736,32162,10956,7269,67300
Andhra Pradesh,2016-17,1225,236,1086,76,95,2719
Assam,2016-17,92,10,74,10,176,362
Bihar,2016-17,965,61,1940,21,115,3101
Chhattisgarh,2016-17,901,41,445,21,77,1486
Delhi,2016-17,2,,18,0,1,22
Goa,2016-17,8,20,5,3,2,37
Gujarat,2016-17,771,45,1122,2181,114,4233
Haryana,2016-17,1181,,1965,,0,3146
Himachal Pradesh,2016-17,3,0,23,4,84,114
Jammu & Kashmir,2016-17,304,7,4,4,18,336
Jharkhand,2016-17,4,76,29,94,81,283
Karnataka,2016-17,913,116,1371,326,378,3104
Kerala,2016-17,64,50,42,122,99,378
Madhya Pradesh,2016-17,1791,295,3470,3095,1224,9876
Maharashtra,2016-17,1053,,2110,,,3163
Manipur,2016-17,,,,,75,75
Meghalaya,2016-17,97,,,,,97
Mizoram,2016-17,16,,,,,16
Nagaland,2016-17,,,,,110,110
Odisha,2016-17,,,,,1122,1122
Puducherry,2016-17,1,,11,,1,13
Punjab,2016-17,1152,,2976,,,4128
Rajasthan,2016-17,2018,99,3726,2231,183,8257
Sikkim,2016-17,,,,,16,16
Tamil Nadu,2016-17,526,302,507,1047,2,2385
Telangana,2016-17,290,193,1103,501,71,2158
Tripura,2016-17,7,2,6,0,67,82
Uttar Pradesh,2016-17,2213,76,10694,1258,96,14337
Uttarakhand,2016-17,70,,203,29,28,329
West Bengal,2016-17,,,,,3106,3106
India,2016-17,15669,1630,32930,11022,7397,68649
Andhra Pradesh,2017-18,1187,296,1110,64,106,2763
Assam,2017-18,99,8,39,43,167,357
Bihar,2017-18,967,58,1944,22,114,3105
Chhattisgarh,2017-18,871,40,507,19,69,1506
Delhi,2017-18,2,,18,0,1,22
Goa,2017-18,4,9,2,1,1,17
Gujarat,2017-18,771,45,1122,2181,114,4233
Haryana,2017-18,1208,,2053,,,3261
Himachal Pradesh,2017-18,3,1,24,1,80,110
Jammu & Kashmir,2017-18,299,7,4,4,18,332
Jharkhand,2017-18,5,54,29,74,70,231
Karnataka,2017-18,945,126,1414,289,381,3155
Kerala,2017-18,77,50,42,123,99,392
Madhya Pradesh,2017-18,1857,282,3948,3167,1303,10557
Maharashtra,2017-18,1055,,2114,,,3169
Manipur,2017-18,,,,,73,73
Meghalaya,2017-18,100,,,,,100
Mizoram,2017-18,16,,,,,16
Nagaland,2017-18,,,,,116,116
Odisha,2017-18,,,,,970,970
Puducherry,2017-18,4,,9,,0,13
Punjab,2017-18,1153,,2969,,,4122
Rajasthan,2017-18,1927,68,3804,2067,120,7985
Sikkim,2017-18,,,,,15,15
Tamil Nadu,2017-18,589,358,521,1157,2,2627
Telangana,2017-18,326,228,1180,502,89,2324
Tripura,2017-18,7,1,7,3,63,80
Uttar Pradesh,2017-18,2174,76,10730,1250,102,14332
Uttarakhand,2017-18,74,0,187,47,22,329
West Bengal,2017-18,,,,,3107,3107
India,2017-18,15720,1707,33778,11014,7260,69478
Andhra Pradesh,2018-19,1303,232,1101,45,116,2796
Assam,2018-19,100,9,40,44,173,366
Bihar,2018-19,965,59,1957,23,111,3115
Chhattisgarh,2018-19,899,30,559,16,62,1565
Delhi,2018-19,2,,18,0,1,22
Goa,2018-19,4,8,2,1,1,16
Gujarat,2018-19,771,45,1122,2181,114,4233
Haryana,2018-19,1206,,2066,,,3273
Himachal Pradesh,2018-19,4,0,25,3,84,117
Jammu & Kashmir,2018-19,297,7,4,4,17,329
Jharkhand,2018-19,4,66,27,75,58,231
Karnataka,2018-19,1193,138,1815,321,565,4032
Kerala,2018-19,83,49,43,124,105,404
Madhya Pradesh,2018-19,1917,346,4318,3400,1368,11349
Maharashtra,2018-19,1047,,2098,,,3145
Manipur,2018-19,,,,,72,72
Meghalaya,2018-19,101,,,,,101
Mizoram,2018-19,16,,,,,16
Nagaland,2018-19,,,,,118,118
Odisha,2018-19,,,,,1092,1092
Puducherry,2018-19,4,,9,,0,13
Punjab,2018-19,1167,,2944,,,4111
Rajasthan,2018-19,2017,35,4034,2035,162,8283
Sikkim,2018-19,,,,,15,15
Tamil Nadu,2018-19,636,322,516,1087,5,2565
Telangana,2018-19,425,240,1045,402,98,2210
Tripura,2018-19,6,2,8,1,70,87
Uttar Pradesh,2018-19,2183,80,10743,1270,117,14392
Uttarakhand,2018-19,80,0,211,11,20,323
West Bengal,2018-19,,,,,3107,3107
India,2018-19,16429,1668,34708,11042,7707,71554
Andhra Pradesh,2019-20,1356,287,1082,37,117,2879
Assam,2019-20,105,8,88,52,172,425
Bihar,2019-20,956,55,1911,22,113,3059
Chhattisgarh,2019-20,878,28,552,16,54,1528
Delhi,2019-20,2,,18,0,1,22
Goa,2019-20,5,12,2,2,1,22
Gujarat,2019-20,1164,232,1900,1499,442,5238
Haryana,2019-20,1232,,2156,,,3387
Himachal Pradesh,2019-20,3,0,26,3,83,117
Jammu & Kashmir,2019-20,258,11,9,8,23,308
Jharkhand,2019-20,4,73,24,82,67,249
Karnataka,2019-20,1262,138,1863,322,650,4235
Kerala,2019-20,86,50,50,119,105,410
Madhya Pradesh,2019-20,2285,430,4685,3622,1495,12517
Maharashtra,2019-20,1041,,2086,,,3128
Manipur,2019-20,,,,,54,54
Meghalaya,2019-20,105,,,,,105
Mizoram,2019-20,16,,,,,16
Nagaland,2019-20,,,,,120,120
Odisha,2019-20,,,,,1137,1137
Puducherry,2019-20,4,,9,,0,13
Punjab,2019-20,1179,,2948,,,4127
Rajasthan,2019-20,2198,78,4207,2162,176,8821
Sikkim,2019-20,,,,,14,14
Tamil Nadu,2019-20,648,351,518,1151,4,2672
Telangana,2019-20,513,349,1341,562,162,2927
Tripura,2019-20,6,2,8,1,72,89
Uttar Pradesh,2019-20,2166,81,10574,1213,300,14334
Uttarakhand,2019-20,69,0,227,3,18,317
West Bengal,2019-20,,,,,3108,3108
India,2019-20,17561,2185,36287,10876,8547,75456
Andhra Pradesh,2020-21,1356,299,1136,37,109,2936
Assam,2020-21,109,9,93,53,166,431
Bihar,2020-21,955,55,1899,22,113,3044
Chhattisgarh,2020-21,911,26,596,14,52,1599
Delhi,2020-21,2,,18,0,1,22
Goa,2020-21,5,12,2,2,1,22
Gujarat,2020-21,1187,221,2100,1619,444,5571
Haryana,2020-21,1237,,2342,,,3579
Himachal Pradesh,2020-21,3,0,25,3,85,117
Jammu & Kashmir,2020-21,266,11,10,8,24,319
Jharkhand,2020-21,4,72,23,66,76,242
Karnataka,2020-21,1477,165,2161,345,783,4931
Kerala,2020-21,82,43,41,114,109,390
Madhya Pradesh,2020-21,1792,576,5035,3039,2439,12882
Maharashtra,2020-21,1037,,2077,,,3114
Manipur,2020-21,0,,,,69,69
Meghalaya,2020-21,106,,,,,106
Mizoram,2020-21,16,,,,,16
Nagaland,2020-21,,,,,122,122
Odisha,2020-21,,,,,1200,1200
Puducherry,2020-21,5,,9,,0,13
Punjab,2020-21,1141,,2984,,,4126
Rajasthan,2020-21,2145,47,4329,2080,176,8778
Sikkim,2020-21,,,,,14,14
Tamil Nadu,2020-21,668,372,528,1191,4,2764
Telangana,2020-21,1834,198,980,314,40,3365
Tripura,2020-21,7,2,8,1,72,90
Uttar Pradesh,2020-21,2166,81,10574,1213,300,14334
Uttarakhand,2020-21,67,0,227,6,22,322
West Bengal,2020-21,,,,,3128,3128
India,2020-21,18600,2190,37200,10128,9612,77729
Andhra Pradesh,2021-22,1344,310,1162,28,108,2952
Assam,2021-22,112,7,105,52,162,438
Bihar,2021-22,967,53,1924,23,116,3082
Chhattisgarh,2021-22,899,25,610,12,59,1604
Delhi,2021-22,2,,18,0,1,22
Goa,2021-22,8,0,0,0,7,15
Gujarat,2021-22,1604,239,1874,1693,386,5796
Haryana,2021-22,1237,,2342,,,3579
Himachal Pradesh,2021-22,5,0,28,3,75,111
Jammu & Kashmir,2021-22,267,10,8,7,22,315
Jharkhand,2021-22,4,90,19,71,94,279
Karnataka,2021-22,1435,154,2244,321,768,4920
Kerala,2021-22,73,48,45,122,116,403
Madhya Pradesh,2021-22,1824,512,5015,3056,2495,12903
Maharashtra,2021-22,1033,,2070,,,3103
Manipur,2021-22,,,,,62,62
Meghalaya,2021-22,102,,,,,102
Mizoram,2021-22,16,,,,,16
Nagaland,2021-22,,,,,49,49
Odisha,2021-22,,,,,1238,1238
Puducherry,2021-22,5,,9,,0,14
Punjab,2021-22,1160,,2953,,,4113
Rajasthan,2021-22,2056,39,4457,2157,215,8924
Sikkim,2021-22,,,,,14,14
Tamil Nadu,2021-22,684,410,546,1285,5,2930
Telangana,2021-22,2085,222,834,207,29,3376
Tripura,2021-22,7,2,8,1,71,89
Uttar Pradesh,2021-22,2204,85,10299,1269,84,13941
Uttarakhand,2021-22,66,0,226,2,21,315
West Bengal,2021-22,,,,,3127,3127
India,2021-22,19218,2205,36797,10308,9387,77916
Andhra Pradesh,2022-23,1259,276,1197,24,99,2855
Assam,2022-23,159,7,112,42,147,467
Bihar,2022-23,950,52,1995,21,105,3124
Chhattisgarh,2022-23,869,29,584,10,43,1535
Delhi,2022-23,2,,18,0,1,22
Goa,2022-23,14,1,,3,13,32
Gujarat,2022-23,1789,260,1898,1802,436,6186
Haryana,2022-23,1236,,2100,,,3336
Himachal Pradesh,2022-23,3,0,25,3,77,109
Jammu & Kashmir,2022-23,263,10,9,7,22,311
Jharkhand,2022-23,4,62,13,55,69,202
Karnataka,2022-23,1059,104,2849,396,630,5038
Kerala,2022-23,82,46,56,121,113,419
Madhya Pradesh,2022-23,2049,515,5121,2993,2252,12930
Maharashtra,2022-23,1030,,2065,,,3095
Manipur,2022-23,,,,,57,57
Meghalaya,2022-23,105,,,,,105
Mizoram,2022-23,16,,,,,16
Nagaland,2022-23,,,,,118,118
Odisha,2022-23,,,,,1335,1335
Puducherry,2022-23,5,,10,,0,14
Punjab,2022-23,904,,3178,,,4082
Rajasthan,2022-23,2249,39,4824,2154,235,9500
Sikkim,2022-23,,,,,13,13
Tamil Nadu,2022-23,683,400,542,1292,5,2921
Telangana,2022-23,1099,344,1901,475,47,3866
Tripura,2022-23,7,2,9,1,71,90
Uttar Pradesh,2022-23,2204,85,10402,1269,84,14044
Uttarakhand,2022-23,64,0,227,3,20,313
West Bengal,2022-23,,,,,3088,3088
India,2022-23,18124,2235,39134,10672,9147,79312
Andhra Pradesh,2023-24,1008,255,1201,42,97,2603
Assam,2023-24,159,7,115,39,149,469
Bihar,2023-24,1005,87,2172,22,115,3401
Chhattisgarh,2023-24,833,22,563,8,61,1487
Delhi,2023-24,2,,21,1,,25
Goa,2023-24,14,1,,6,19,39
Gujarat,2023-24,1853,278,1923,1792,428,6273
Haryana,2023-24,1237,,1988,,,3225
Himachal Pradesh,2023-24,3,,25,2,78,110
Jammu & Kashmir,2023-24,262,10,8,7,22,311
Jharkhand,2023-24,3,61,13,50,72,199
Karnataka,2023-24,907,76,2873,376,577,4809
Kerala,2023-24,78,48,55,128,111,420
Madhya Pradesh,2023-24,2194,440,4918,2849,2346,12747
Maharashtra,2023-24,500,120,987,3155,1733,6496
Manipur,2023-24,,,,,57,57
Meghalaya,2023-24,105,,,,,105
Mizoram,2023-24,12,,,,,12
Nagaland,2023-24,,,,,118,118
Odisha,2023-24,,,,,1315,1315
Puducherry,2023-24,5,,11,,,16
Punjab,2023-24,927,,3182,,,4109
Rajasthan,2023-24,2215,51,4968,2095,218,9547
Sikkim,2023-24,,,,,13,13
Tamil Nadu,2023-24,603,401,572,1304,5,2885
Telangana,2023-24,975,372,1863,459,59,3728
Tripura,2023-24,7,2,9,1,71,90
Uttar Pradesh,2023-24,1874,,9797,43,1942,13656
Uttarakhand,2023-24,66,,228,,16,310
West Bengal,2023-24,553,904,1913,87,300,3757
India,2023-24,17420,3136,39405,12468,9987,82416
